



CREATE TABLE TbAluno (
PkcodAluno integer not null ,
NomeAluno varchar(20),
QuantMatriculas integer
);


CREATE TABLE TbDisciplina (
PkcodDisciplina integer not null ,
NomeDisciplina varchar(20)
);


CREATE TABLE TbCurso (
PkcodCurso integer not null,
NomeCurso varchar(20),
QuantMatriculas integer
);



CREATE TABLE TBProfessor (
PkcodProf integer not null,
NomeProfessor varchar(20)
);


CREATE TABLE TbMatricula (
PkcodMatri integer not null ,
fkcodAluno integer,
fkcodCurso integer,
ValorJaPago number(15,2),
ValorAberto number(15,2),
QuantParcelas integer
);




CREATE TABLE TbDOC (
PKNumDOC integer not null ,
ValorDOC number(15,2),
StatusDoc integer,
fkcodMatri integer
);




CREATE TABLE TbDisciplinaMatriculada (
PkCodRel integer not null,
G1 number(15,2),
G2 number(15,2),
Media number(15,2),
subst number(15,2),
NotaFinal varchar(20),
fkcodTurma integer,
fkcodMatri integer
);




CREATE TABLE TbTurma (
PkcodTurma integer,
NomeTurma varchar(20),
fkcodDisciplina integer,
fkcodProf integer,
NumAlunos number(15,2)

);

CREATE TABLE TbDiscProfessor (
fkcodProf integer,
fkcodDisciplina integer
);




Insert into TBALUNO (PKCODALUNO,NOMEALUNO,QUANTMATRICULAS) values (1,'Ana',0);
Insert into TBALUNO (PKCODALUNO,NOMEALUNO,QUANTMATRICULAS) values (2,'Maria',0);
Insert into TBALUNO (PKCODALUNO,NOMEALUNO,QUANTMATRICULAS) values (3,'Carla',0);
Insert into TBALUNO (PKCODALUNO,NOMEALUNO,QUANTMATRICULAS) values (4,'Caroline',0);
Insert into TBALUNO (PKCODALUNO,NOMEALUNO,QUANTMATRICULAS) values (5,'Adriana',0);
Insert into TBALUNO (PKCODALUNO,NOMEALUNO,QUANTMATRICULAS) values (6,'Mariana',0);
Insert into TBALUNO (PKCODALUNO,NOMEALUNO,QUANTMATRICULAS) values (7,'Beatriz',0);
Insert into TBALUNO (PKCODALUNO,NOMEALUNO,QUANTMATRICULAS) values (8,'Margarida',0);



Insert into TBCURSO (PKCODCURSO,NOMECURSO,QUANTMATRICULAS) values (1,'Informatica',0);
Insert into TBCURSO (PKCODCURSO,NOMECURSO,QUANTMATRICULAS) values (2,'Matematica',0);




Insert into TBDISCIPLINA (PKCODDISCIPLINA,NOMEDISCIPLINA) values (1,'Introduçao');
Insert into TBDISCIPLINA (PKCODDISCIPLINA,NOMEDISCIPLINA) values (2,'Java');
Insert into TBDISCIPLINA (PKCODDISCIPLINA,NOMEDISCIPLINA) values (3,'Calculo I');
Insert into TBDISCIPLINA (PKCODDISCIPLINA,NOMEDISCIPLINA) values (4,'Banco ');
Insert into TBDISCIPLINA (PKCODDISCIPLINA,NOMEDISCIPLINA) values (5,'Estatistica');
Insert into TBDISCIPLINA (PKCODDISCIPLINA,NOMEDISCIPLINA) values (6,'Calculo II');
Insert into TBDISCIPLINA (PKCODDISCIPLINA,NOMEDISCIPLINA) values (7,'Redes');
Insert into TBDISCIPLINA (PKCODDISCIPLINA,NOMEDISCIPLINA) values (8,'Algebra ');
Insert into TBDISCIPLINA (PKCODDISCIPLINA,NOMEDISCIPLINA) values (9,'Segurança');
Insert into TBDISCIPLINA (PKCODDISCIPLINA,NOMEDISCIPLINA) values (10,'Formação');





Insert into TBPROFESSOR (PKCODPROF,NOMEPROFESSOR) values (1,'Xuxa');
Insert into TBPROFESSOR (PKCODPROF,NOMEPROFESSOR) values (5,'Bozo');
Insert into TBPROFESSOR (PKCODPROF,NOMEPROFESSOR) values (6,'Papai Papudo');
Insert into TBPROFESSOR (PKCODPROF,NOMEPROFESSOR) values (2,'Eliana');
Insert into TBPROFESSOR (PKCODPROF,NOMEPROFESSOR) values (3,'Faustão');
Insert into TBPROFESSOR (PKCODPROF,NOMEPROFESSOR) values (4,'Gugu');


Insert into TBDISCPROFESSOR (FKCODPROF,FKCODDISCIPLINA) values (1,2);
Insert into TBDISCPROFESSOR (FKCODPROF,FKCODDISCIPLINA) values (1,3);
Insert into TBDISCPROFESSOR (FKCODPROF,FKCODDISCIPLINA) values (1,5);
Insert into TBDISCPROFESSOR (FKCODPROF,FKCODDISCIPLINA) values (1,4);
Insert into TBDISCPROFESSOR (FKCODPROF,FKCODDISCIPLINA) values (1,9);
Insert into TBDISCPROFESSOR (FKCODPROF,FKCODDISCIPLINA) values (2,6);
Insert into TBDISCPROFESSOR (FKCODPROF,FKCODDISCIPLINA) values (2,8);
Insert into TBDISCPROFESSOR (FKCODPROF,FKCODDISCIPLINA) values (3,3);
Insert into TBDISCPROFESSOR (FKCODPROF,FKCODDISCIPLINA) values (3,4);
Insert into TBDISCPROFESSOR (FKCODPROF,FKCODDISCIPLINA) values (3,9);
Insert into TBDISCPROFESSOR (FKCODPROF,FKCODDISCIPLINA) values (3,10);
Insert into TBDISCPROFESSOR (FKCODPROF,FKCODDISCIPLINA) values (3,8);
Insert into TBDISCPROFESSOR (FKCODPROF,FKCODDISCIPLINA) values (4,7);
Insert into TBDISCPROFESSOR (FKCODPROF,FKCODDISCIPLINA) values (4,9);
Insert into TBDISCPROFESSOR (FKCODPROF,FKCODDISCIPLINA) values (4,3);
Insert into TBDISCPROFESSOR (FKCODPROF,FKCODDISCIPLINA) values (4,10);
Insert into TBDISCPROFESSOR (FKCODPROF,FKCODDISCIPLINA) values (4,2);
Insert into TBDISCPROFESSOR (FKCODPROF,FKCODDISCIPLINA) values (4,1);


Insert into TBMATRICULA (PKCODMATRI,FKCODALUNO,FKCODCURSO,VALORJAPAGO,VALORABERTO,QUANTPARCELAS) values (1,2,1,500,500,0);
Insert into TBMATRICULA (PKCODMATRI,FKCODALUNO,FKCODCURSO,VALORJAPAGO,VALORABERTO,QUANTPARCELAS) values (2,3,1,500,500,0);
Insert into TBMATRICULA (PKCODMATRI,FKCODALUNO,FKCODCURSO,VALORJAPAGO,VALORABERTO,QUANTPARCELAS) values (3,1,2,500,500,0);
Insert into TBMATRICULA (PKCODMATRI,FKCODALUNO,FKCODCURSO,VALORJAPAGO,VALORABERTO,QUANTPARCELAS) values (4,4,2,500,500,0);



Insert into TBDOC (PKNUMDOC,VALORDOC,STATUSDOC,FKCODMATRI) values (1,250,0,1);
Insert into TBDOC (PKNUMDOC,VALORDOC,STATUSDOC,FKCODMATRI) values (2,250,0,1);
Insert into TBDOC (PKNUMDOC,VALORDOC,STATUSDOC,FKCODMATRI) values (3,100,0,2);
Insert into TBDOC (PKNUMDOC,VALORDOC,STATUSDOC,FKCODMATRI) values (4,100,0,2);
Insert into TBDOC (PKNUMDOC,VALORDOC,STATUSDOC,FKCODMATRI) values (5,100,0,2);
Insert into TBDOC (PKNUMDOC,VALORDOC,STATUSDOC,FKCODMATRI) values (6,100,0,2);
Insert into TBDOC (PKNUMDOC,VALORDOC,STATUSDOC,FKCODMATRI) values (7,250,0,3);
Insert into TBDOC (PKNUMDOC,VALORDOC,STATUSDOC,FKCODMATRI) values (8,200,0,3);
Insert into TBDOC (PKNUMDOC,VALORDOC,STATUSDOC,FKCODMATRI) values (9,50,0,3);
Insert into TBDOC (PKNUMDOC,VALORDOC,STATUSDOC,FKCODMATRI) values (10,500,0,4);

Insert into TBTURMA (PKCODTURMA,NOMETURMA,FKCODDISCIPLINA,FKCODPROF,NUMALUNOS) values (1,'Basico',1,2,0);
Insert into TBTURMA (PKCODTURMA,NOMETURMA,FKCODDISCIPLINA,FKCODPROF,NUMALUNOS) values (2,'Intermediario',3,3,0);
Insert into TBTURMA (PKCODTURMA,NOMETURMA,FKCODDISCIPLINA,FKCODPROF,NUMALUNOS) values (3,'Avan?ado',1,1,0);
Insert into TBTURMA (PKCODTURMA,NOMETURMA,FKCODDISCIPLINA,FKCODPROF,NUMALUNOS) values (4,'Basico',4,2,0);




Insert into TBDISCIPLINAMATRICULADA (PKCODREL,G1,G2,MEDIA,SUBST,NOTAFINAL,FKCODTURMA,FKCODMATRI) values (1,0,0,0,0,'0',1,1);
Insert into TBDISCIPLINAMATRICULADA (PKCODREL,G1,G2,MEDIA,SUBST,NOTAFINAL,FKCODTURMA,FKCODMATRI) values (2,0,0,0,0,'0',2,1);
Insert into TBDISCIPLINAMATRICULADA (PKCODREL,G1,G2,MEDIA,SUBST,NOTAFINAL,FKCODTURMA,FKCODMATRI) values (3,0,0,0,0,'0',3,1);
Insert into TBDISCIPLINAMATRICULADA (PKCODREL,G1,G2,MEDIA,SUBST,NOTAFINAL,FKCODTURMA,FKCODMATRI) values (4,0,0,0,0,'0',4,2);
Insert into TBDISCIPLINAMATRICULADA (PKCODREL,G1,G2,MEDIA,SUBST,NOTAFINAL,FKCODTURMA,FKCODMATRI) values (5,0,0,0,0,'0',2,2);
Insert into TBDISCIPLINAMATRICULADA (PKCODREL,G1,G2,MEDIA,SUBST,NOTAFINAL,FKCODTURMA,FKCODMATRI) values (6,0,0,0,0,'0',2,3);
Insert into TBDISCIPLINAMATRICULADA (PKCODREL,G1,G2,MEDIA,SUBST,NOTAFINAL,FKCODTURMA,FKCODMATRI) values (7,0,0,0,0,'0',1,3);
Insert into TBDISCIPLINAMATRICULADA (PKCODREL,G1,G2,MEDIA,SUBST,NOTAFINAL,FKCODTURMA,FKCODMATRI) values (8,0,0,0,0,'0',3,3);
Insert into TBDISCIPLINAMATRICULADA (PKCODREL,G1,G2,MEDIA,SUBST,NOTAFINAL,FKCODTURMA,FKCODMATRI) values (9,0,0,0,0,'0',4,3);
Insert into TBDISCIPLINAMATRICULADA (PKCODREL,G1,G2,MEDIA,SUBST,NOTAFINAL,FKCODTURMA,FKCODMATRI) values (10,0,0,0,0,'0',2,4);
Insert into TBDISCIPLINAMATRICULADA (PKCODREL,G1,G2,MEDIA,SUBST,NOTAFINAL,FKCODTURMA,FKCODMATRI) values (11,0,0,0,0,'0',1,4);










